CREATE TABLE IF NOT EXISTS category (
  id BIGINT GENERATED BY DEFAULT AS IDENTITY PRIMARY KEY,
  key VARCHAR(255) NOT NULL,
  name VARCHAR(255) NOT NULL,
  description VARCHAR(255),
  CONSTRAINT uk_category_key UNIQUE (key)
);

CREATE TABLE IF NOT EXISTS product (
  id BIGINT GENERATED BY DEFAULT AS IDENTITY PRIMARY KEY,
  brand VARCHAR(255),
  category VARCHAR(255) NOT NULL,
  category_key VARCHAR(100),
  color VARCHAR(100),
  description TEXT,
  img VARCHAR(512),
  labels VARCHAR(255),
  price BIGINT NOT NULL,
  title VARCHAR(255) NOT NULL
);

CREATE INDEX IF NOT EXISTS idx_products_brand ON product (brand);
CREATE INDEX IF NOT EXISTS idx_products_color ON product (color);
CREATE INDEX IF NOT EXISTS idx_products_labels ON product (labels);
CREATE INDEX IF NOT EXISTS idx_products_category_key ON product (category_key);

CREATE TABLE IF NOT EXISTS product_stock (
  product_id BIGINT PRIMARY KEY,
  product_name VARCHAR(255) NOT NULL,
  available_quantity INTEGER NOT NULL,
  reserved_quantity INTEGER NOT NULL
);

CREATE SEQUENCE IF NOT EXISTS shopping_cart_seq START WITH 1 INCREMENT BY 50;
CREATE SEQUENCE IF NOT EXISTS cart_item_seq START WITH 1 INCREMENT BY 50;

CREATE TABLE IF NOT EXISTS shopping_cart (
  id BIGINT PRIMARY KEY,
  shopping_cart_name VARCHAR(255),
  CONSTRAINT uk_shopping_cart_name UNIQUE (shopping_cart_name)
);

CREATE TABLE IF NOT EXISTS cart_item (
  id BIGINT PRIMARY KEY,
  product_id BIGINT,
  product_name VARCHAR(255),
  price DOUBLE PRECISION,
  quantity INTEGER,
  shopping_cart_id BIGINT,
  CONSTRAINT fk_cart_item_shopping_cart
    FOREIGN KEY (shopping_cart_id) REFERENCES shopping_cart(id)
);

CREATE TABLE IF NOT EXISTS shopping_cart_product (
  shopping_cart_id BIGINT NOT NULL,
  product_id BIGINT NOT NULL,
  PRIMARY KEY (shopping_cart_id, product_id),
  CONSTRAINT fk_shopping_cart_product_cart
    FOREIGN KEY (shopping_cart_id) REFERENCES shopping_cart(id),
  CONSTRAINT fk_shopping_cart_product_product
    FOREIGN KEY (product_id) REFERENCES product(id)
);

CREATE SEQUENCE IF NOT EXISTS userservice_users_seq START WITH 1 INCREMENT BY 50;

CREATE TABLE IF NOT EXISTS userservice_users (
  id BIGINT PRIMARY KEY,
  username VARCHAR(20) NOT NULL,
  email VARCHAR(50) NOT NULL,
  password VARCHAR(120) NOT NULL,
  role VARCHAR(20) NOT NULL,
  CONSTRAINT uk_userservice_username UNIQUE (username),
  CONSTRAINT uk_userservice_email UNIQUE (email)
);

INSERT INTO category (id, key, name, description) VALUES
  (1, 'phone', 'Phone', 'Smart phones and mobile devices'),
  (2, 'computer', 'Computer', 'Laptops and desktop computers'),
  (3, 'accessory', 'Accessory', 'Useful technology accessories'),
  (4, 'tablet', 'Tablet', 'Tablets for entertainment and productivity'),
  (5, 'wearable', 'Wearable', 'Smart watches and wearable devices')
ON CONFLICT (key) DO UPDATE SET
  name = EXCLUDED.name,
  description = EXCLUDED.description;

INSERT INTO product (id, title, price, img, labels, brand, color, category, description, category_key) VALUES
  (1, 'iPhone 15', 50000, 'https://images.unsplash.com/photo-1511707171634-5f897ff02aa9?auto=format&fit=crop&w=900&q=80', 'new', 'Apple', 'Black', 'Phone', 'Apple iPhone 15 128 GB smartphone.', 'phone'),
  (2, 'Samsung Galaxy S24', 42000, 'https://images.unsplash.com/photo-1598327105666-5b89351aff97?auto=format&fit=crop&w=900&q=80', 'popular', 'Samsung', 'Gray', 'Phone', 'Samsung Galaxy S24 256 GB smartphone.', 'phone'),
  (3, 'Xiaomi Redmi Note 13', 14000, 'https://images.unsplash.com/photo-1592899677977-9c10ca588bbd?auto=format&fit=crop&w=900&q=80', 'deal', 'Xiaomi', 'Blue', 'Phone', 'Xiaomi Redmi Note 13 daily use smartphone.', 'phone'),
  (4, 'MacBook Air M2', 58000, 'https://images.unsplash.com/photo-1517336714731-489689fd1ca8?auto=format&fit=crop&w=900&q=80', 'new', 'Apple', 'Silver', 'Computer', 'MacBook Air with M2 chip and 13 inch display.', 'computer'),
  (5, 'Lenovo ThinkPad E14', 33000, 'https://images.unsplash.com/photo-1496181133206-80ce9b88a853?auto=format&fit=crop&w=900&q=80', 'business', 'Lenovo', 'Black', 'Computer', 'Lenovo ThinkPad E14 business laptop.', 'computer'),
  (6, 'Asus TUF Gaming A15', 46000, 'https://images.unsplash.com/photo-1603302576837-37561b2e2302?auto=format&fit=crop&w=900&q=80', 'gaming', 'Asus', 'Black', 'Computer', 'Asus TUF Gaming A15 gaming laptop.', 'computer'),
  (7, 'AirPods Pro 2', 10500, 'https://images.unsplash.com/photo-1600294037681-c80b4cb5b434?auto=format&fit=crop&w=900&q=80', 'popular', 'Apple', 'White', 'Accessory', 'Apple AirPods Pro 2 wireless earbuds.', 'accessory'),
  (8, 'Logitech MX Master 3S', 4200, 'https://images.unsplash.com/photo-1527814050087-3793815479db?auto=format&fit=crop&w=900&q=80', 'office', 'Logitech', 'Graphite', 'Accessory', 'Logitech MX Master 3S wireless mouse.', 'accessory'),
  (9, 'Samsung 27 inch Monitor', 8900, 'https://images.unsplash.com/photo-1527443224154-c4a3942d3acf?auto=format&fit=crop&w=900&q=80', 'office', 'Samsung', 'Black', 'Accessory', 'Samsung 27 inch full HD monitor.', 'accessory'),
  (10, 'Anker PowerCore 20000', 2600, 'https://images.unsplash.com/photo-1609091839311-d5365f9ff1c5?auto=format&fit=crop&w=900&q=80', 'travel', 'Anker', 'Black', 'Accessory', 'Anker 20000 mAh portable power bank.', 'accessory'),
  (11, 'iPhone 15 Pro', 68000, 'https://images.unsplash.com/photo-1695048133142-1a20484d2569?auto=format&fit=crop&w=900&q=80', 'premium', 'Apple', 'Titanium', 'Phone', 'Apple iPhone 15 Pro with titanium design.', 'phone'),
  (12, 'Samsung Galaxy Z Flip 5', 54000, 'https://images.unsplash.com/photo-1610945415295-d9bbf067e59c?auto=format&fit=crop&w=900&q=80', 'foldable', 'Samsung', 'Purple', 'Phone', 'Samsung foldable smartphone for daily use.', 'phone'),
  (13, 'Google Pixel 8', 36000, 'https://images.unsplash.com/photo-1598327105666-5b89351aff97?auto=format&fit=crop&w=900&q=80', 'camera', 'Google', 'Black', 'Phone', 'Google Pixel 8 smartphone with strong camera features.', 'phone'),
  (14, 'Dell XPS 13', 52000, 'https://images.unsplash.com/photo-1588872657578-7efd1f1555ed?auto=format&fit=crop&w=900&q=80', 'ultrabook', 'Dell', 'Silver', 'Computer', 'Dell XPS 13 compact ultrabook.', 'computer'),
  (15, 'HP Victus 16', 39000, 'https://images.unsplash.com/photo-1603302576837-37561b2e2302?auto=format&fit=crop&w=900&q=80', 'gaming', 'HP', 'Black', 'Computer', 'HP Victus 16 gaming laptop.', 'computer'),
  (16, 'Apple Magic Keyboard', 6200, 'https://images.unsplash.com/photo-1587829741301-dc798b83add3?auto=format&fit=crop&w=900&q=80', 'office', 'Apple', 'White', 'Accessory', 'Apple Magic Keyboard wireless keyboard.', 'accessory'),
  (17, 'Sony WH-1000XM5', 13500, 'https://images.unsplash.com/photo-1618366712010-f4ae9c647dcb?auto=format&fit=crop&w=900&q=80', 'audio', 'Sony', 'Black', 'Accessory', 'Sony noise cancelling wireless headphones.', 'accessory'),
  (18, 'Logitech C920 Webcam', 2800, 'https://images.unsplash.com/photo-1587826080692-f439cd0b70da?auto=format&fit=crop&w=900&q=80', 'remote', 'Logitech', 'Black', 'Accessory', 'Logitech C920 full HD webcam.', 'accessory'),
  (19, 'iPad Air 5', 28500, 'https://images.unsplash.com/photo-1544244015-0df4b3ffc6b0?auto=format&fit=crop&w=900&q=80', 'tablet', 'Apple', 'Blue', 'Tablet', 'Apple iPad Air 5 for work and entertainment.', 'tablet'),
  (20, 'Samsung Galaxy Tab S9', 31000, 'https://images.unsplash.com/photo-1561154464-82e9adf32764?auto=format&fit=crop&w=900&q=80', 'tablet', 'Samsung', 'Graphite', 'Tablet', 'Samsung Galaxy Tab S9 Android tablet.', 'tablet'),
  (21, 'Apple Watch Series 9', 16500, 'https://images.unsplash.com/photo-1434493789847-2f02dc6ca35d?auto=format&fit=crop&w=900&q=80', 'watch', 'Apple', 'Midnight', 'Wearable', 'Apple Watch Series 9 smart watch.', 'wearable'),
  (22, 'Samsung Galaxy Watch 6', 9500, 'https://images.unsplash.com/photo-1508685096489-7aacd43bd3b1?auto=format&fit=crop&w=900&q=80', 'watch', 'Samsung', 'Black', 'Wearable', 'Samsung Galaxy Watch 6 smart watch.', 'wearable')
ON CONFLICT (id) DO UPDATE SET
  title = EXCLUDED.title,
  price = EXCLUDED.price,
  img = EXCLUDED.img,
  labels = EXCLUDED.labels,
  brand = EXCLUDED.brand,
  color = EXCLUDED.color,
  category = EXCLUDED.category,
  description = EXCLUDED.description,
  category_key = EXCLUDED.category_key;

INSERT INTO product_stock (product_id, product_name, available_quantity, reserved_quantity) VALUES
  (1, 'iPhone 15', 10, 0),
  (2, 'Samsung Galaxy S24', 8, 0),
  (3, 'Xiaomi Redmi Note 13', 20, 0),
  (4, 'MacBook Air M2', 6, 0),
  (5, 'Lenovo ThinkPad E14', 12, 0),
  (6, 'Asus TUF Gaming A15', 5, 0),
  (7, 'AirPods Pro 2', 30, 0),
  (8, 'Logitech MX Master 3S', 25, 0),
  (9, 'Samsung 27 inch Monitor', 14, 0),
  (10, 'Anker PowerCore 20000', 40, 0),
  (11, 'iPhone 15 Pro', 7, 0),
  (12, 'Samsung Galaxy Z Flip 5', 6, 0),
  (13, 'Google Pixel 8', 9, 0),
  (14, 'Dell XPS 13', 8, 0),
  (15, 'HP Victus 16', 10, 0),
  (16, 'Apple Magic Keyboard', 20, 0),
  (17, 'Sony WH-1000XM5', 18, 0),
  (18, 'Logitech C920 Webcam', 25, 0),
  (19, 'iPad Air 5', 15, 0),
  (20, 'Samsung Galaxy Tab S9', 9, 0),
  (21, 'Apple Watch Series 9', 21, 0),
  (22, 'Samsung Galaxy Watch 6', 18, 0)
ON CONFLICT (product_id) DO UPDATE SET
  product_name = EXCLUDED.product_name,
  available_quantity = EXCLUDED.available_quantity,
  reserved_quantity = EXCLUDED.reserved_quantity;

INSERT INTO userservice_users (id, username, email, password, role) VALUES
  (1, 'demo', 'demo@example.com', '$2a$10$7EqJtq98hPqEX7fNZaFWoOhi1CtbfKQGJ4U3m1DZOMu6xQuWecCk2', 'Customer')
ON CONFLICT (username) DO UPDATE SET
  email = EXCLUDED.email,
  password = EXCLUDED.password,
  role = EXCLUDED.role;

SELECT setval(pg_get_serial_sequence('category', 'id'), (SELECT max(id) FROM category));
SELECT setval(pg_get_serial_sequence('product', 'id'), (SELECT max(id) FROM product));
SELECT setval('shopping_cart_seq', COALESCE((SELECT max(id) FROM shopping_cart), 1));
SELECT setval('cart_item_seq', COALESCE((SELECT max(id) FROM cart_item), 1));
SELECT setval('userservice_users_seq', (SELECT max(id) FROM userservice_users));
